Хост;Ping, мс;% доставленных;% недоставленных;Время последнего ping
192.168.0.1;n/a;n/a;n/a;2025-03-06 16:19:50
192.168.1.254;n/a;n/a;n/a;2025-03-06 16:19:50
10.0.0.1;n/a;n/a;n/a;2025-03-06 16:19:49
10.255.255.254;n/a;n/a;n/a;2025-03-06 16:19:50
172.16.0.1;n/a;n/a;n/a;2025-03-06 16:19:50
172.31.255.254;n/a;n/a;n/a;2025-03-06 16:19:49
0.0.0.0;n/a;n/a;n/a;2025-03-06 16:19:51
127.0.0.1;2091;100.0%;0.0%;2025-03-06 16:19:50
169.254.0.1;n/a;n/a;n/a;2025-03-06 16:19:49
224.0.0.1;n/a;n/a;n/a;2025-03-06 16:19:50
240.0.0.1;n/a;n/a;n/a;2025-03-06 16:19:51
8.8.8.8;322227;100.0%;0.0%;2025-03-06 16:19:50
1.1.1.1;66681;100.0%;0.0%;2025-03-06 16:19:51
9.9.9.9;73472;100.0%;0.0%;2025-03-06 16:19:50
208.67.222.222;106084;100.0%;0.0%;2025-03-06 16:19:51
192.0.2.1;n/a;n/a;n/a;2025-03-06 16:19:50
198.51.100.1;n/a;n/a;n/a;2025-03-06 16:19:50
203.0.113.1;n/a;n/a;n/a;2025-03-06 16:19:50
123.45.67.89;n/a;n/a;n/a;2025-03-06 16:19:49
142.251.42.78;466139;100.0%;0.0%;2025-03-06 16:19:50
93.184.216.34;n/a;n/a;n/a;2025-03-06 16:19:50
64.233.160.0;n/a;n/a;n/a;2025-03-06 16:19:49
216.58.213.174;n/a;n/a;n/a;2025-03-06 16:19:50
173.194.73.103;578080;100.0%;0.0%;2025-03-06 16:19:50
209.85.146.100;n/a;n/a;n/a;2025-03-06 16:19:49
66.102.1.100;539185;100.0%;0.0%;2025-03-06 16:19:50
216.239.32.21;321044;100.0%;0.0%;2025-03-06 16:19:50
74.125.224.72;n/a;n/a;n/a;2025-03-06 16:19:50
17.172.224.47;n/a;n/a;n/a;2025-03-06 16:19:49
17.142.160.50;n/a;n/a;n/a;2025-03-06 16:19:50
17.255.255.254;n/a;n/a;n/a;2025-03-06 16:19:50
31.13.72.54;576868;100.0%;0.0%;2025-03-06 16:19:51
31.13.92.36;n/a;n/a;n/a;2025-03-06 16:19:49
38.113.192.1;n/a;n/a;n/a;2025-03-06 16:19:50
45.64.64.64;316118;100.0%;0.0%;2025-03-06 16:19:50
62.116.168.1;95035;100.0%;0.0%;2025-03-06 16:19:51
62.116.168.254;n/a;n/a;n/a;2025-03-06 16:19:49
64.68.80.1;n/a;n/a;n/a;2025-03-06 16:19:50
64.68.80.254;n/a;n/a;n/a;2025-03-06 16:19:50
64.71.128.1;237155;100.0%;0.0%;2025-03-06 16:19:51
64.71.128.254;n/a;n/a;n/a;2025-03-06 16:19:49
64.236.16.1;213877;100.0%;0.0%;2025-03-06 16:19:50
64.236.16.254;n/a;n/a;n/a;2025-03-06 16:19:50
65.196.224.1;n/a;n/a;n/a;2025-03-06 16:19:49
65.196.224.254;n/a;n/a;n/a;2025-03-06 16:19:50
66.92.160.1;n/a;n/a;n/a;2025-03-06 16:19:49
66.92.160.254;n/a;n/a;n/a;2025-03-06 16:19:50
69.16.0.1;n/a;n/a;n/a;2025-03-06 16:19:50
69.16.0.254;n/a;n/a;n/a;2025-03-06 16:19:50
72.14.192.1;319011;100.0%;0.0%;2025-03-06 16:19:50
72.14.192.254;322758;100.0%;0.0%;2025-03-06 16:19:50
74.125.0.1;n/a;n/a;n/a;2025-03-06 16:19:49
74.125.0.254;n/a;n/a;n/a;2025-03-06 16:19:49
75.126.0.1;n/a;n/a;n/a;2025-03-06 16:19:50
75.126.0.254;n/a;n/a;n/a;2025-03-06 16:19:50
89.207.224.1;157256;100.0%;0.0%;2025-03-06 16:19:51
89.207.224.254;258096;100.0%;0.0%;2025-03-06 16:19:50
96.16.150.1;n/a;n/a;n/a;2025-03-06 16:19:50
96.16.150.254;n/a;n/a;n/a;2025-03-06 16:19:50
104.16.0.1;107750;100.0%;0.0%;2025-03-06 16:19:50
104.16.0.254;105433;100.0%;0.0%;2025-03-06 16:19:50
108.170.224.1;n/a;n/a;n/a;2025-03-06 16:19:49
108.170.224.254;450608;100.0%;0.0%;2025-03-06 16:19:50
117.18.232.200;n/a;n/a;n/a;2025-03-06 16:19:50
117.18.232.254;n/a;n/a;n/a;2025-03-06 16:19:50
129.121.0.1;219613;100.0%;0.0%;2025-03-06 16:19:50
129.121.0.254;n/a;n/a;n/a;2025-03-06 16:19:49
142.250.0.1;587654;100.0%;0.0%;2025-03-06 16:19:50
142.250.0.254;n/a;n/a;n/a;2025-03-06 16:19:50
143.204.0.1;195800;100.0%;0.0%;2025-03-06 16:19:50
143.204.0.254;208234;100.0%;0.0%;2025-03-06 16:19:50
157.240.0.1;578085;100.0%;0.0%;2025-03-06 16:19:50
157.240.0.254;n/a;n/a;n/a;2025-03-06 16:19:49
168.65.200.1;n/a;n/a;n/a;2025-03-06 16:19:49
168.65.200.254;n/a;n/a;n/a;2025-03-06 16:19:50
170.187.142.1;n/a;n/a;n/a;2025-03-06 16:19:50
170.187.142.254;217018;100.0%;0.0%;2025-03-06 16:19:50
173.252.64.1;n/a;n/a;n/a;2025-03-06 16:19:50
173.252.64.254;n/a;n/a;n/a;2025-03-06 16:19:50
178.149.28.1;115320;100.0%;0.0%;2025-03-06 16:19:50
178.149.28.254;n/a;n/a;n/a;2025-03-06 16:19:50
185.60.216.1;n/a;n/a;n/a;2025-03-06 16:19:50
185.60.216.254;n/a;n/a;n/a;2025-03-06 16:19:50
199.232.0.1;122100;100.0%;0.0%;2025-03-06 16:19:51
199.232.0.254;107305;100.0%;0.0%;2025-03-06 16:19:51
204.79.197.200;87110;100.0%;0.0%;2025-03-06 16:19:50
204.79.197.254;78197;100.0%;0.0%;2025-03-06 16:19:50
205.204.0.1;n/a;n/a;n/a;2025-03-06 16:19:49
205.204.0.254;n/a;n/a;n/a;2025-03-06 16:19:50
207.46.128.1;n/a;n/a;n/a;2025-03-06 16:19:50
207.46.128.254;n/a;n/a;n/a;2025-03-06 16:19:50
209.191.64.1;188964;100.0%;0.0%;2025-03-06 16:19:51
209.191.64.254;n/a;n/a;n/a;2025-03-06 16:19:50
213.199.179.1;n/a;n/a;n/a;2025-03-06 16:19:49
213.199.179.254;n/a;n/a;n/a;2025-03-06 16:19:50
10.241.100.200;n/a;n/a;n/a;2025-03-06 16:19:50
10.241.100.157;n/a;n/a;n/a;2025-03-06 16:19:50
10.241.101.30;n/a;n/a;n/a;2025-03-06 16:19:49
10.241.100.00;n/a;n/a;n/a;2025-03-06 16:19:50
103.224.182.246;257253;100.0%;0.0%;2025-03-06 16:19:51
